Workbook

Sheet Sheet2
A1: 广告系列名 | B1: 预算 | C1: L7D点击 | D1: L7D佣金 | E1: L7D花费 | F1: L7D出单天数 | G1: 当前Max CPC | H1: IS Budget丢失 | I1: IS Rank丢失 | J1: 保守EPC | K1: 保守ROI | L1: 操作指令 | M1: MID
A2: 171-PM1-altinadrinks-AU-0125-80264 | B2: =IFERROR(VLOOKUP(A2,Sheet1!$A$1:$B$17,2,FALSE),0) -> 7.15 | C2: 107 | D2: =IFERROR(VLOOKUP(M2,[1]Sheet3!$A$1:$C$26,3,FALSE),0) -> 0 | E2: 19 | F2: 0 | G2: 0.29 | H2: 0.3223 | I2: 0.2973 | J2: =D2*0.72/C2 -> 0 | K2: =(D2*0.72-E2)/E2 -> -1 | L2: =IF(K2<-0.4,"🛑 立即关停(PAUSE)",IF(K2<0,"⚠️ CPC降价0.05",IF(AND(K2>3,H2>0.2,F2>=4),"💰 预算*1.3 (稳健加产)",IF(AND(K2>2,I2>0.15,G2<(J2*0.8)),"📈 CPC+0.02 (抢占排名)",IF(K2>=1,"✅ 状态稳定-维持现状","☕ 样本不足-继续观察"))))) -> 🛑 立即关停(PAUSE) | M2: 80264
A3: 168-PM1-sanatoriums-US-0120-53855 | B3: =IFERROR(VLOOKUP(A3,Sheet1!$A$1:$B$17,2,FALSE),0) -> 8 | C3: 57 | D3: =IFERROR(VLOOKUP(M3,[1]Sheet3!$A$1:$C$26,3,FALSE),0) -> 0 | E3: 11.87 | F3: 0 | G3: 0.31 | H3: 0.0019 | I3: 0.8072 | J3: =D3*0.72/C3 -> 0 | K3: =(D3*0.72-E3)/E3 -> -1 | L3: =IF(K3<-0.4,"🛑 立即关停(PAUSE)",IF(K3<0,"⚠️ CPC降价0.05",IF(AND(K3>3,H3>0.2,F3>=4),"💰 预算*1.3 (稳健加产)",IF(AND(K3>2,I3>0.15,G3<(J3*0.8)),"📈 CPC+0.02 (抢占排名)",IF(K3>=1,"✅ 状态稳定-维持现状","☕ 样本不足-继续观察"))))) -> 🛑 立即关停(PAUSE) | M3: 53855
A4: 178-PM1-originmattress-HK-0125-103067 | B4: =IFERROR(VLOOKUP(A4,Sheet1!$A$1:$B$17,2,FALSE),0) -> 7.69 | C4: 4 | D4: =IFERROR(VLOOKUP(M4,[1]Sheet3!$A$1:$C$26,3,FALSE),0) -> 0 | E4: 0.37 | F4: 0 | G4: 0.15 | H4: 0.033 | I4: 0.8799 | J4: =D4*0.72/C4 -> 0 | K4: =(D4*0.72-E4)/E4 -> -1 | L4: =IF(K4<-0.4,"🛑 立即关停(PAUSE)",IF(K4<0,"⚠️ CPC降价0.05",IF(AND(K4>3,H4>0.2,F4>=4),"💰 预算*1.3 (稳健加产)",IF(AND(K4>2,I4>0.15,G4<(J4*0.8)),"📈 CPC+0.02 (抢占排名)",IF(K4>=1,"✅ 状态稳定-维持现状","☕ 样本不足-继续观察"))))) -> 🛑 立即关停(PAUSE) | M4: 103067
A5: 065-PM1-dagsmejan-DE-1218-111577 | B5: =IFERROR(VLOOKUP(A5,Sheet1!$A$1:$B$17,2,FALSE),0) -> 4.5 | C5: 131 | D5: =IFERROR(VLOOKUP(M5,[1]Sheet3!$A$1:$C$26,3,FALSE),0) -> 24.14 | E5: 35.83 | F5: 3 | G5: 0.39 | H5: 0.0181 | I5: 0.2197 | J5: =D5*0.72/C5 -> 0.13267786 | K5: =(D5*0.72-E5)/E5 -> -0.51490929 | L5: =IF(K5<-0.4,"🛑 立即关停(PAUSE)",IF(K5<0,"⚠️ CPC降价0.05",IF(AND(K5>3,H5>0.2,F5>=4),"💰 预算*1.3 (稳健加产)",IF(AND(K5>2,I5>0.15,G5<(J5*0.8)),"📈 CPC+0.02 (抢占排名)",IF(K5>=1,"✅ 状态稳定-维持现状","☕ 样本不足-继续观察"))))) -> 🛑 立即关停(PAUSE) | M5: 111577
A6: 179-PM1-thebodyshop-AU-0127-18680922 | B6: =IFERROR(VLOOKUP(A6,Sheet1!$A$1:$B$17,2,FALSE),0) -> 4 | C6: 124 | D6: =IFERROR(VLOOKUP(M6,[1]Sheet3!$A$1:$C$26,3,FALSE),0) -> 2.02 | E6: 4.1 | F6: 1 | G6: 0.05 | H6: 0.8945 | I6: 0.0091 | J6: =D6*0.72/C6 -> 0.011729032 | K6: =(D6*0.72-E6)/E6 -> -0.64526829 | L6: =IF(K6<-0.4,"🛑 立即关停(PAUSE)",IF(K6<0,"⚠️ CPC降价0.05",IF(AND(K6>3,H6>0.2,F6>=4),"💰 预算*1.3 (稳健加产)",IF(AND(K6>2,I6>0.15,G6<(J6*0.8)),"📈 CPC+0.02 (抢占排名)",IF(K6>=1,"✅ 状态稳定-维持现状","☕ 样本不足-继续观察"))))) -> 🛑 立即关停(PAUSE) | M6: 18680922
A7: 143-PM1-electronicsexpo-US-0109-18645439 | B7: =IFERROR(VLOOKUP(A7,Sheet1!$A$1:$B$17,2,FALSE),0) -> 7.3 | C7: 191 | D7: =IFERROR(VLOOKUP(M7,[1]Sheet3!$A$1:$C$26,3,FALSE),0) -> 213.57 | E7: 50.28 | F7: 4 | G7: 0.4 | H7: 0.1928 | I7: 0.6464 | J7: =D7*0.72/C7 -> 0.80508063 | K7: =(D7*0.72-E7)/E7 -> 2.0582816 | L7: =IF(K7<-0.4,"🛑 立即关停(PAUSE)",IF(K7<0,"⚠️ CPC降价0.05",IF(AND(K7>3,H7>0.2,F7>=4),"💰 预算*1.3 (稳健加产)",IF(AND(K7>2,I7>0.15,G7<(J7*0.8)),"📈 CPC+0.02 (抢占排名)",IF(K7>=1,"✅ 状态稳定-维持现状","☕ 样本不足-继续观察"))))) -> 📈 CPC+0.02 (抢占排名) | M7: 18645439
A8: 135-PM1-coppel-MX-1230-107283 | B8: =IFERROR(VLOOKUP(A8,Sheet1!$A$1:$B$17,2,FALSE),0) -> 20 | C8: 11754 | D8: =IFERROR(VLOOKUP(M8,[1]Sheet3!$A$1:$C$26,3,FALSE),0) -> 533.49 | E8: 69.49 | F8: 7 | G8: 0.01 | H8: 0.8279 | I8: 0.1194 | J8: =D8*0.72/C8 -> 0.032679326 | K8: =(D8*0.72-E8)/E8 -> 4.5275982 | L8: =IF(K8<-0.4,"🛑 立即关停(PAUSE)",IF(K8<0,"⚠️ CPC降价0.05",IF(AND(K8>3,H8>0.2,F8>=4),"💰 预算*1.3 (稳健加产)",IF(AND(K8>2,I8>0.15,G8<(J8*0.8)),"📈 CPC+0.02 (抢占排名)",IF(K8>=1,"✅ 状态稳定-维持现状","☕ 样本不足-继续观察"))))) -> 💰 预算*1.3 (稳健加产) | M8: 107283
A9: 094-PM1-mackweldon-US-1223-128415 | B9: =IFERROR(VLOOKUP(A9,Sheet1!$A$1:$B$17,2,FALSE),0) -> 8.5 | C9: 230 | D9: =IFERROR(VLOOKUP(M9,[1]Sheet3!$A$1:$C$26,3,FALSE),0) -> 55.89 | E9: 61.4 | F9: 7 | G9: 0.42 | H9: 0.2216 | I9: 0.7261 | J9: =D9*0.72/C9 -> 0.17496 | K9: =(D9*0.72-E9)/E9 -> -0.34461238 | L9: =IF(K9<-0.4,"🛑 立即关停(PAUSE)",IF(K9<0,"⚠️ CPC降价0.05",IF(AND(K9>3,H9>0.2,F9>=4),"💰 预算*1.3 (稳健加产)",IF(AND(K9>2,I9>0.15,G9<(J9*0.8)),"📈 CPC+0.02 (抢占排名)",IF(K9>=1,"✅ 状态稳定-维持现状","☕ 样本不足-继续观察"))))) -> ⚠️ CPC降价0.05 | M9: 128415
A10: 051-PM1-laithwaites-GB-1216-65069 | B10: =IFERROR(VLOOKUP(A10,Sheet1!$A$1:$B$17,2,FALSE),0) -> 9.67 | C10: 1239 | D10: =IFERROR(VLOOKUP(M10,[1]Sheet3!$A$1:$C$26,3,FALSE),0) -> 132.93 | E10: 54.52 | F10: 7 | G10: 0.06 | H10: 0.5171 | I10: 0.2445 | J10: =D10*0.72/C10 -> 0.077247458 | K10: =(D10*0.72-E10)/E10 -> 0.75549523 | L10: =IF(K10<-0.4,"🛑 立即关停(PAUSE)",IF(K10<0,"⚠️ CPC降价0.05",IF(AND(K10>3,H10>0.2,F10>=4),"💰 预算*1.3 (稳健加产)",IF(AND(K10>2,I10>0.15,G10<(J10*0.8)),"📈 CPC+0.02 (抢占排名)",IF(K10>=1,"✅ 状态稳定-维持现状","☕ 样本不足-继续观察"))))) -> ☕ 样本不足-继续观察 | M10: 65069
A11: 118-PM1-weekendesk-FR-0115-18645318 | B11: =IFERROR(VLOOKUP(A11,Sheet1!$A$1:$B$17,2,FALSE),0) -> 8 | C11: 518 | D11: =IFERROR(VLOOKUP(M11,[1]Sheet3!$A$1:$C$26,3,FALSE),0) -> 129.42 | E11: 55.32 | F11: 6 | G11: 0.01 | H11: 0.1258 | I11: 0.8425 | J11: =D11*0.72/C11 -> 0.1798888 | K11: =(D11*0.72-E11)/E11 -> 0.68442516 | L11: =IF(K11<-0.4,"🛑 立即关停(PAUSE)",IF(K11<0,"⚠️ CPC降价0.05",IF(AND(K11>3,H11>0.2,F11>=4),"💰 预算*1.3 (稳健加产)",IF(AND(K11>2,I11>0.15,G11<(J11*0.8)),"📈 CPC+0.02 (抢占排名)",IF(K11>=1,"✅ 状态稳定-维持现状","☕ 样本不足-继续观察"))))) -> ☕ 样本不足-继续观察 | M11: 18645318
A12: 165-PM1-cropshopboutique-US-0120-71288 | B12: =IFERROR(VLOOKUP(A12,Sheet1!$A$1:$B$17,2,FALSE),0) -> 8 | C12: 1101 | D12: =IFERROR(VLOOKUP(M12,[1]Sheet3!$A$1:$C$26,3,FALSE),0) -> 96.2 | E12: 50.44 | F12: 7 | G12: 0.08 | H12: 0.5483 | I12: 0.2499 | J12: =D12*0.72/C12 -> 0.062910082 | K12: =(D12*0.72-E12)/E12 -> 0.37319588 | L12: =IF(K12<-0.4,"🛑 立即关停(PAUSE)",IF(K12<0,"⚠️ CPC降价0.05",IF(AND(K12>3,H12>0.2,F12>=4),"💰 预算*1.3 (稳健加产)",IF(AND(K12>2,I12>0.15,G12<(J12*0.8)),"📈 CPC+0.02 (抢占排名)",IF(K12>=1,"✅ 状态稳定-维持现状","☕ 样本不足-继续观察"))))) -> ☕ 样本不足-继续观察 | M12: 71288
A13: 122-PM1-eddiebauer-US-0115-109839 | B13: =IFERROR(VLOOKUP(A13,Sheet1!$A$1:$B$17,2,FALSE),0) -> 8.5 | C13: 1049 | D13: =IFERROR(VLOOKUP(M13,[1]Sheet3!$A$1:$C$26,3,FALSE),0) -> 75.38 | E13: 54.21 | F13: 7 | G13: 0.08 | H13: 0.1696 | I13: 0.8159 | J13: =D13*0.72/C13 -> 0.051738418 | K13: =(D13*0.72-E13)/E13 -> 0.0011732153 | L13: =IF(K13<-0.4,"🛑 立即关停(PAUSE)",IF(K13<0,"⚠️ CPC降价0.05",IF(AND(K13>3,H13>0.2,F13>=4),"💰 预算*1.3 (稳健加产)",IF(AND(K13>2,I13>0.15,G13<(J13*0.8)),"📈 CPC+0.02 (抢占排名)",IF(K13>=1,"✅ 状态稳定-维持现状","☕ 样本不足-继续观察"))))) -> ☕ 样本不足-继续观察 | M13: 109839
... A17: 084-PM1-krigler-US-1219-18681160 | B17: =IFERROR(VLOOKUP(A17,Sheet1!$A$1:$B$17,2,FALSE),0) -> 14.13 | C17: 501 | D17: =IFERROR(VLOOKUP(M17,[1]Sheet3!$A$1:$C$26,3,FALSE),0) -> 186.89 | E17: 60.42 | F17: 5 | G17: 0.18 | H17: 0.2007 | I17: 0.4901 | J17: =D17*0.72/C17 -> 0.26858443 | K17: =(D17*0.72-E17)/E17 -> 1.2270904 | L17: =IF(K17<-0.4,"🛑 立即关停(PAUSE)",IF(K17<0,"⚠️ CPC降价0.05",IF(AND(K17>3,H17>0.2,F17>=4),"💰 预算*1.3 (稳健加产)",IF(AND(K17>2,I17>0.15,G17<(J17*0.8)),"📈 CPC+0.02 (抢占排名)",IF(K17>=1,"✅ 状态稳定-维持现状","☕ 样本不足-继续观察"))))) -> ✅ 状态稳定-维持现状 | M17: 18681160

Sheet Sheet1
A1: 171-PM1-altinadrinks-AU-0125-80264 | B1: 7.15
A2: 051-PM1-laithwaites-GB-1216-65069 | B2: 9.67
A3: 118-PM1-weekendesk-FR-0115-18645318 | B3: 8
A4: 168-PM1-sanatoriums-US-0120-53855 | B4: 8
A5: 165-PM1-cropshopboutique-US-0120-71288 | B5: 8
A6: 122-PM1-eddiebauer-US-0115-109839 | B6: 8.5
A7: 076-PM1-ursamajorvt-US-1219-18679165 | B7: 9
A8: 178-PM1-originmattress-HK-0125-103067 | B8: 7.69
A9: 094-PM1-mackweldon-US-1223-128415 | B9: 8.5
A10: 065-PM1-dagsmejan-DE-1218-111577 | B10: 4.5
A11: 084-PM1-krigler-US-1219-18681160 | B11: 14.13
A12: 169-PM1-hfonline-GB-0123-123194 | B12: 8
... A17: 143-PM1-electronicsexpo-US-0109-18645439 | B17: 7.3
